USER,IP,PORT,KEY
turing,137.132.213.204,43614,SHA256:bu90QiNcKQbWqDbslyrd56AErYav9GuUVrjri1XlZKQ
einstein,137.132.213.204,43618,SHA256:bu90QiNcKQbWqDbslyrd56AErYav9GuUVrjri1XlZKQ
hoare,137.132.213.204,43622,SHA256:bu90QiNcKQbWqDbslyrd56AErYav9GuUVrjri1XlZKQ
curry,137.132.213.204,43626,SHA256:bu90QiNcKQbWqDbslyrd56AErYav9GuUVrjri1XlZKQ
root,137.132.213.204,43630,SHA256:bu90QiNcKQbWqDbslyrd56AErYav9GuUVrjri1XlZKQ
hoare,137.132.213.204,43634,SHA256:bu90QiNcKQbWqDbslyrd56AErYav9GuUVrjri1XlZKQ
einstein,137.132.213.204,43638,SHA256:bu90QiNcKQbWqDbslyrd56AErYav9GuUVrjri1XlZKQ
julius,137.132.213.204,43642,SHA256:bu90QiNcKQbWqDbslyrd56AErYav9GuUVrjri1XlZKQ
hoare,137.132.213.204,43646,SHA256:bu90QiNcKQbWqDbslyrd56AErYav9GuUVrjri1XlZKQ
julius,137.132.213.204,43650,SHA256:bu90QiNcKQbWqDbslyrd56AErYav9GuUVrjri1XlZKQ
xxx,137.132.213.204,43654,SHA256:bu90QiNcKQbWqDbslyrd56AErYav9GuUVrjri1XlZKQ
julius,137.132.213.204,43658,SHA256:bu90QiNcKQbWqDbslyrd56AErYav9GuUVrjri1XlZKQ
newton,137.132.213.204,43662,SHA256:bu90QiNcKQbWqDbslyrd56AErYav9GuUVrjri1XlZKQ
julius,137.132.213.204,43666,SHA256:bu90QiNcKQbWqDbslyrd56AErYav9GuUVrjri1XlZKQ
newton,137.132.213.204,43670,SHA256:bu90QiNcKQbWqDbslyrd56AErYav9GuUVrjri1XlZKQ
rust,137.132.213.204,43674,SHA256:bu90QiNcKQbWqDbslyrd56AErYav9GuUVrjri1XlZKQ
newton,137.132.213.204,43678,SHA256:bu90QiNcKQbWqDbslyrd56AErYav9GuUVrjri1XlZKQ
curry,137.132.213.204,43686,SHA256:bu90QiNcKQbWqDbslyrd56AErYav9GuUVrjri1XlZKQ
newton,137.132.213.204,43690,SHA256:bu90QiNcKQbWqDbslyrd56AErYav9GuUVrjri1XlZKQ
einstein,137.132.213.204,43694,SHA256:bu90QiNcKQbWqDbslyrd56AErYav9GuUVrjri1XlZKQ
einstein,137.132.213.204,43698,SHA256:bu90QiNcKQbWqDbslyrd56AErYav9GuUVrjri1XlZKQ
curry,137.132.213.204,43702,SHA256:bu90QiNcKQbWqDbslyrd56AErYav9GuUVrjri1XlZKQ
curry,137.132.213.204,43706,SHA256:bu90QiNcKQbWqDbslyrd56AErYav9GuUVrjri1XlZKQ
einstein,137.132.213.204,43710,SHA256:bu90QiNcKQbWqDbslyrd56AErYav9GuUVrjri1XlZKQ
einstein,137.132.213.204,43714,SHA256:bu90QiNcKQbWqDbslyrd56AErYav9GuUVrjri1XlZKQ
turing,137.132.213.204,43718,SHA256:bu90QiNcKQbWqDbslyrd56AErYav9GuUVrjri1XlZKQ
einstein,137.132.213.204,43722,SHA256:bu90QiNcKQbWqDbslyrd56AErYav9GuUVrjri1XlZKQ
hoare,137.132.213.204,43726,SHA256:bu90QiNcKQbWqDbslyrd56AErYav9GuUVrjri1XlZKQ
turing,137.132.213.204,43730,SHA256:bu90QiNcKQbWqDbslyrd56AErYav9GuUVrjri1XlZKQ
turing,137.132.213.204,43734,SHA256:bu90QiNcKQbWqDbslyrd56AErYav9GuUVrjri1XlZKQ
hoare,137.132.213.204,43738,SHA256:bu90QiNcKQbWqDbslyrd56AErYav9GuUVrjri1XlZKQ
turing,137.132.213.204,43742,SHA256:bu90QiNcKQbWqDbslyrd56AErYav9GuUVrjri1XlZKQ
turing,137.132.213.204,43746,SHA256:bu90QiNcKQbWqDbslyrd56AErYav9GuUVrjri1XlZKQ
einstein,137.132.213.204,43750,SHA256:bu90QiNcKQbWqDbslyrd56AErYav9GuUVrjri1XlZKQ
julius,137.132.213.204,43754,SHA256:bu90QiNcKQbWqDbslyrd56AErYav9GuUVrjri1XlZKQ
turing,137.132.213.204,43758,SHA256:bu90QiNcKQbWqDbslyrd56AErYav9GuUVrjri1XlZKQ
newton,137.132.213.204,43762,SHA256:bu90QiNcKQbWqDbslyrd56AErYav9GuUVrjri1XlZKQ
curry,137.132.213.204,43766,SHA256:bu90QiNcKQbWqDbslyrd56AErYav9GuUVrjri1XlZKQ
newton,137.132.213.204,43770,SHA256:bu90QiNcKQbWqDbslyrd56AErYav9GuUVrjri1XlZKQ
turing,137.132.213.204,43774,SHA256:bu90QiNcKQbWqDbslyrd56AErYav9GuUVrjri1XlZKQ
curry,137.132.213.204,43778,SHA256:bu90QiNcKQbWqDbslyrd56AErYav9GuUVrjri1XlZKQ
hoare,137.132.213.204,43782,SHA256:bu90QiNcKQbWqDbslyrd56AErYav9GuUVrjri1XlZKQ
newton,137.132.213.204,43786,SHA256:bu90QiNcKQbWqDbslyrd56AErYav9GuUVrjri1XlZKQ
hoare,137.132.213.204,43790,SHA256:bu90QiNcKQbWqDbslyrd56AErYav9GuUVrjri1XlZKQ
newton,137.132.213.204,43794,SHA256:bu90QiNcKQbWqDbslyrd56AErYav9GuUVrjri1XlZKQ
julius,137.132.213.204,43798,SHA256:bu90QiNcKQbWqDbslyrd56AErYav9GuUVrjri1XlZKQ
einstein,137.132.213.204,43802,SHA256:bu90QiNcKQbWqDbslyrd56AErYav9GuUVrjri1XlZKQ
newton,137.132.213.204,43806,SHA256:bu90QiNcKQbWqDbslyrd56AErYav9GuUVrjri1XlZKQ
newton,137.132.213.204,43810,SHA256:bu90QiNcKQbWqDbslyrd56AErYav9GuUVrjri1XlZKQ
julius,137.132.213.204,43814,SHA256:bu90QiNcKQbWqDbslyrd56AErYav9GuUVrjri1XlZKQ
newton,137.132.213.204,43818,SHA256:bu90QiNcKQbWqDbslyrd56AErYav9GuUVrjri1XlZKQ
turing,137.132.213.204,43822,SHA256:bu90QiNcKQbWqDbslyrd56AErYav9GuUVrjri1XlZKQ
hoare,137.132.213.204,43826,SHA256:bu90QiNcKQbWqDbslyrd56AErYav9GuUVrjri1XlZKQ
newton,137.132.213.204,43830,SHA256:bu90QiNcKQbWqDbslyrd56AErYav9GuUVrjri1XlZKQ
curry,137.132.213.204,43834,SHA256:bu90QiNcKQbWqDbslyrd56AErYav9GuUVrjri1XlZKQ
hoare,137.132.213.204,43838,SHA256:bu90QiNcKQbWqDbslyrd56AErYav9GuUVrjri1XlZKQ
turing,137.132.213.204,43842,SHA256:bu90QiNcKQbWqDbslyrd56AErYav9GuUVrjri1XlZKQ
newton,137.132.213.204,43846,SHA256:bu90QiNcKQbWqDbslyrd56AErYav9GuUVrjri1XlZKQ
turing,137.132.213.204,43852,SHA256:bu90QiNcKQbWqDbslyrd56AErYav9GuUVrjri1XlZKQ
julius,137.132.213.204,43856,SHA256:bu90QiNcKQbWqDbslyrd56AErYav9GuUVrjri1XlZKQ
newton,137.132.213.204,43860,SHA256:bu90QiNcKQbWqDbslyrd56AErYav9GuUVrjri1XlZKQ
einstein,137.132.213.204,43864,SHA256:bu90QiNcKQbWqDbslyrd56AErYav9GuUVrjri1XlZKQ
newton,137.132.213.204,43868,SHA256:bu90QiNcKQbWqDbslyrd56AErYav9GuUVrjri1XlZKQ
newton,137.132.213.204,43872,SHA256:bu90QiNcKQbWqDbslyrd56AErYav9GuUVrjri1XlZKQ
turing,137.132.213.204,43876,SHA256:bu90QiNcKQbWqDbslyrd56AErYav9GuUVrjri1XlZKQ
julius,137.132.213.204,43880,SHA256:bu90QiNcKQbWqDbslyrd56AErYav9GuUVrjri1XlZKQ
einstein,137.132.213.204,43888,SHA256:bu90QiNcKQbWqDbslyrd56AErYav9GuUVrjri1XlZKQ
curry,137.132.213.204,43892,SHA256:bu90QiNcKQbWqDbslyrd56AErYav9GuUVrjri1XlZKQ
curry,137.132.213.204,43896,SHA256:bu90QiNcKQbWqDbslyrd56AErYav9GuUVrjri1XlZKQ
einstein,137.132.213.204,43900,SHA256:bu90QiNcKQbWqDbslyrd56AErYav9GuUVrjri1XlZKQ
hoare,137.132.213.204,43904,SHA256:bu90QiNcKQbWqDbslyrd56AErYav9GuUVrjri1XlZKQ
newton,137.132.213.204,43908,SHA256:bu90QiNcKQbWqDbslyrd56AErYav9GuUVrjri1XlZKQ
hoare,137.132.213.204,43912,SHA256:bu90QiNcKQbWqDbslyrd56AErYav9GuUVrjri1XlZKQ
einstein,137.132.213.204,43916,SHA256:bu90QiNcKQbWqDbslyrd56AErYav9GuUVrjri1XlZKQ
einstein,137.132.213.204,43920,SHA256:bu90QiNcKQbWqDbslyrd56AErYav9GuUVrjri1XlZKQ
einstein,137.132.213.204,43924,SHA256:bu90QiNcKQbWqDbslyrd56AErYav9GuUVrjri1XlZKQ
julius,137.132.213.204,43928,SHA256:bu90QiNcKQbWqDbslyrd56AErYav9GuUVrjri1XlZKQ
newton,137.132.213.204,43932,SHA256:bu90QiNcKQbWqDbslyrd56AErYav9GuUVrjri1XlZKQ
einstein,137.132.213.204,43936,SHA256:bu90QiNcKQbWqDbslyrd56AErYav9GuUVrjri1XlZKQ
julius,137.132.213.204,43940,SHA256:bu90QiNcKQbWqDbslyrd56AErYav9GuUVrjri1XlZKQ
julius,137.132.213.204,43944,SHA256:bu90QiNcKQbWqDbslyrd56AErYav9GuUVrjri1XlZKQ
hoare,137.132.213.204,43948,SHA256:bu90QiNcKQbWqDbslyrd56AErYav9GuUVrjri1XlZKQ
einstein,137.132.213.204,43952,SHA256:bu90QiNcKQbWqDbslyrd56AErYav9GuUVrjri1XlZKQ
julius,137.132.213.204,43956,SHA256:bu90QiNcKQbWqDbslyrd56AErYav9GuUVrjri1XlZKQ
julius,137.132.213.204,43960,SHA256:bu90QiNcKQbWqDbslyrd56AErYav9GuUVrjri1XlZKQ
einstein,137.132.213.204,43964,SHA256:bu90QiNcKQbWqDbslyrd56AErYav9GuUVrjri1XlZKQ
curry,137.132.213.204,43968,SHA256:bu90QiNcKQbWqDbslyrd56AErYav9GuUVrjri1XlZKQ
curry,137.132.213.204,43972,SHA256:bu90QiNcKQbWqDbslyrd56AErYav9GuUVrjri1XlZKQ
curry,137.132.213.204,43976,SHA256:bu90QiNcKQbWqDbslyrd56AErYav9GuUVrjri1XlZKQ
einstein,137.132.213.204,43980,SHA256:bu90QiNcKQbWqDbslyrd56AErYav9GuUVrjri1XlZKQ
turing,137.132.213.204,43984,SHA256:bu90QiNcKQbWqDbslyrd56AErYav9GuUVrjri1XlZKQ
newton,137.132.213.204,43988,SHA256:bu90QiNcKQbWqDbslyrd56AErYav9GuUVrjri1XlZKQ
julius,137.132.213.204,43992,SHA256:bu90QiNcKQbWqDbslyrd56AErYav9GuUVrjri1XlZKQ
einstein,137.132.213.204,43996,SHA256:bu90QiNcKQbWqDbslyrd56AErYav9GuUVrjri1XlZKQ
hoare,137.132.213.204,44000,SHA256:bu90QiNcKQbWqDbslyrd56AErYav9GuUVrjri1XlZKQ
turing,137.132.213.204,44004,SHA256:bu90QiNcKQbWqDbslyrd56AErYav9GuUVrjri1XlZKQ
einstein,137.132.213.204,44008,SHA256:bu90QiNcKQbWqDbslyrd56AErYav9GuUVrjri1XlZKQ
einstein,137.132.213.204,44012,SHA256:bu90QiNcKQbWqDbslyrd56AErYav9GuUVrjri1XlZKQ
curry,137.132.213.204,44016,SHA256:bu90QiNcKQbWqDbslyrd56AErYav9GuUVrjri1XlZKQ
hoare,137.132.213.204,44020,SHA256:bu90QiNcKQbWqDbslyrd56AErYav9GuUVrjri1XlZKQ
curry,137.132.213.204,44024,SHA256:bu90QiNcKQbWqDbslyrd56AErYav9GuUVrjri1XlZKQ
turing,137.132.213.204,44028,SHA256:bu90QiNcKQbWqDbslyrd56AErYav9GuUVrjri1XlZKQ
newton,137.132.213.204,44032,SHA256:bu90QiNcKQbWqDbslyrd56AErYav9GuUVrjri1XlZKQ
turing,137.132.213.204,44036,SHA256:bu90QiNcKQbWqDbslyrd56AErYav9GuUVrjri1XlZKQ
curry,137.132.213.204,44040,SHA256:bu90QiNcKQbWqDbslyrd56AErYav9GuUVrjri1XlZKQ
newton,137.132.213.204,44044,SHA256:bu90QiNcKQbWqDbslyrd56AErYav9GuUVrjri1XlZKQ
julius,137.132.213.204,44048,SHA256:bu90QiNcKQbWqDbslyrd56AErYav9GuUVrjri1XlZKQ
julius,137.132.213.204,44052,SHA256:bu90QiNcKQbWqDbslyrd56AErYav9GuUVrjri1XlZKQ
hoare,137.132.213.204,44056,SHA256:bu90QiNcKQbWqDbslyrd56AErYav9GuUVrjri1XlZKQ
julius,137.132.213.204,44060,SHA256:bu90QiNcKQbWqDbslyrd56AErYav9GuUVrjri1XlZKQ
julius,137.132.213.204,44064,SHA256:bu90QiNcKQbWqDbslyrd56AErYav9GuUVrjri1XlZKQ
newton,137.132.213.204,44068,SHA256:bu90QiNcKQbWqDbslyrd56AErYav9GuUVrjri1XlZKQ
hoare,137.132.213.204,44072,SHA256:bu90QiNcKQbWqDbslyrd56AErYav9GuUVrjri1XlZKQ
turing,137.132.213.204,44076,SHA256:bu90QiNcKQbWqDbslyrd56AErYav9GuUVrjri1XlZKQ
hoare,137.132.213.204,44084,SHA256:bu90QiNcKQbWqDbslyrd56AErYav9GuUVrjri1XlZKQ
hoare,137.132.213.204,44088,SHA256:bu90QiNcKQbWqDbslyrd56AErYav9GuUVrjri1XlZKQ
newton,137.132.213.204,44092,SHA256:bu90QiNcKQbWqDbslyrd56AErYav9GuUVrjri1XlZKQ
einstein,137.132.213.204,44096,SHA256:bu90QiNcKQbWqDbslyrd56AErYav9GuUVrjri1XlZKQ
turing,137.132.213.204,44100,SHA256:bu90QiNcKQbWqDbslyrd56AErYav9GuUVrjri1XlZKQ
turing,137.132.213.204,44104,SHA256:bu90QiNcKQbWqDbslyrd56AErYav9GuUVrjri1XlZKQ
hoare,137.132.213.204,44108,SHA256:bu90QiNcKQbWqDbslyrd56AErYav9GuUVrjri1XlZKQ
newton,137.132.213.204,44112,SHA256:bu90QiNcKQbWqDbslyrd56AErYav9GuUVrjri1XlZKQ
hoare,137.132.213.204,44116,SHA256:bu90QiNcKQbWqDbslyrd56AErYav9GuUVrjri1XlZKQ
julius,137.132.213.204,44120,SHA256:bu90QiNcKQbWqDbslyrd56AErYav9GuUVrjri1XlZKQ
newton,137.132.213.204,44124,SHA256:bu90QiNcKQbWqDbslyrd56AErYav9GuUVrjri1XlZKQ
einstein,137.132.213.204,44128,SHA256:bu90QiNcKQbWqDbslyrd56AErYav9GuUVrjri1XlZKQ
hoare,137.132.213.204,44132,SHA256:bu90QiNcKQbWqDbslyrd56AErYav9GuUVrjri1XlZKQ
einstein,137.132.213.204,44136,SHA256:bu90QiNcKQbWqDbslyrd56AErYav9GuUVrjri1XlZKQ
newton,137.132.213.204,44140,SHA256:bu90QiNcKQbWqDbslyrd56AErYav9GuUVrjri1XlZKQ
julius,137.132.213.204,44144,SHA256:bu90QiNcKQbWqDbslyrd56AErYav9GuUVrjri1XlZKQ
newton,137.132.213.204,44148,SHA256:bu90QiNcKQbWqDbslyrd56AErYav9GuUVrjri1XlZKQ
julius,137.132.213.204,44152,SHA256:bu90QiNcKQbWqDbslyrd56AErYav9GuUVrjri1XlZKQ
julius,137.132.213.204,44156,SHA256:bu90QiNcKQbWqDbslyrd56AErYav9GuUVrjri1XlZKQ
hoare,137.132.213.204,44160,SHA256:bu90QiNcKQbWqDbslyrd56AErYav9GuUVrjri1XlZKQ
newton,137.132.213.204,44164,SHA256:bu90QiNcKQbWqDbslyrd56AErYav9GuUVrjri1XlZKQ
newton,137.132.213.204,44168,SHA256:bu90QiNcKQbWqDbslyrd56AErYav9GuUVrjri1XlZKQ
einstein,137.132.213.204,44172,SHA256:bu90QiNcKQbWqDbslyrd56AErYav9GuUVrjri1XlZKQ
einstein,137.132.213.204,44176,SHA256:bu90QiNcKQbWqDbslyrd56AErYav9GuUVrjri1XlZKQ
julius,137.132.213.204,44180,SHA256:bu90QiNcKQbWqDbslyrd56AErYav9GuUVrjri1XlZKQ
curry,137.132.213.204,44184,SHA256:bu90QiNcKQbWqDbslyrd56AErYav9GuUVrjri1XlZKQ
einstein,137.132.213.204,44188,SHA256:bu90QiNcKQbWqDbslyrd56AErYav9GuUVrjri1XlZKQ
turing,137.132.213.204,44192,SHA256:bu90QiNcKQbWqDbslyrd56AErYav9GuUVrjri1XlZKQ
newton,137.132.213.204,44196,SHA256:bu90QiNcKQbWqDbslyrd56AErYav9GuUVrjri1XlZKQ
julius,137.132.213.204,44200,SHA256:bu90QiNcKQbWqDbslyrd56AErYav9GuUVrjri1XlZKQ
turing,137.132.213.204,44204,SHA256:bu90QiNcKQbWqDbslyrd56AErYav9GuUVrjri1XlZKQ
einstein,137.132.213.204,44208,SHA256:bu90QiNcKQbWqDbslyrd56AErYav9GuUVrjri1XlZKQ
hoare,137.132.213.204,44212,SHA256:bu90QiNcKQbWqDbslyrd56AErYav9GuUVrjri1XlZKQ
hoare,137.132.213.204,44216,SHA256:bu90QiNcKQbWqDbslyrd56AErYav9GuUVrjri1XlZKQ
turing,137.132.213.204,44220,SHA256:bu90QiNcKQbWqDbslyrd56AErYav9GuUVrjri1XlZKQ
curry,137.132.213.204,44224,SHA256:bu90QiNcKQbWqDbslyrd56AErYav9GuUVrjri1XlZKQ
einstein,137.132.213.204,44228,SHA256:bu90QiNcKQbWqDbslyrd56AErYav9GuUVrjri1XlZKQ
julius,137.132.213.204,44232,SHA256:bu90QiNcKQbWqDbslyrd56AErYav9GuUVrjri1XlZKQ
newton,137.132.213.204,44236,SHA256:bu90QiNcKQbWqDbslyrd56AErYav9GuUVrjri1XlZKQ
turing,137.132.213.204,44240,SHA256:bu90QiNcKQbWqDbslyrd56AErYav9GuUVrjri1XlZKQ
curry,137.132.213.204,44244,SHA256:bu90QiNcKQbWqDbslyrd56AErYav9GuUVrjri1XlZKQ
turing,137.132.213.204,44248,SHA256:bu90QiNcKQbWqDbslyrd56AErYav9GuUVrjri1XlZKQ
hoare,137.132.213.204,44252,SHA256:bu90QiNcKQbWqDbslyrd56AErYav9GuUVrjri1XlZKQ
hoare,137.132.213.204,44256,SHA256:bu90QiNcKQbWqDbslyrd56AErYav9GuUVrjri1XlZKQ
einstein,137.132.213.204,44260,SHA256:bu90QiNcKQbWqDbslyrd56AErYav9GuUVrjri1XlZKQ
einstein,137.132.213.204,44264,SHA256:bu90QiNcKQbWqDbslyrd56AErYav9GuUVrjri1XlZKQ
turing,137.132.213.204,44268,SHA256:bu90QiNcKQbWqDbslyrd56AErYav9GuUVrjri1XlZKQ
curry,137.132.213.204,44272,SHA256:bu90QiNcKQbWqDbslyrd56AErYav9GuUVrjri1XlZKQ
newton,137.132.213.204,44276,SHA256:bu90QiNcKQbWqDbslyrd56AErYav9GuUVrjri1XlZKQ
hoare,137.132.213.204,44284,SHA256:bu90QiNcKQbWqDbslyrd56AErYav9GuUVrjri1XlZKQ
curry,137.132.213.204,44288,SHA256:bu90QiNcKQbWqDbslyrd56AErYav9GuUVrjri1XlZKQ
hoare,137.132.213.204,44292,SHA256:bu90QiNcKQbWqDbslyrd56AErYav9GuUVrjri1XlZKQ
newton,137.132.213.204,44296,SHA256:bu90QiNcKQbWqDbslyrd56AErYav9GuUVrjri1XlZKQ
turing,137.132.213.204,44300,SHA256:bu90QiNcKQbWqDbslyrd56AErYav9GuUVrjri1XlZKQ
hoare,137.132.213.204,44304,SHA256:bu90QiNcKQbWqDbslyrd56AErYav9GuUVrjri1XlZKQ
curry,137.132.213.204,44308,SHA256:bu90QiNcKQbWqDbslyrd56AErYav9GuUVrjri1XlZKQ
hoare,137.132.213.204,44312,SHA256:bu90QiNcKQbWqDbslyrd56AErYav9GuUVrjri1XlZKQ
einstein,137.132.213.204,44316,SHA256:bu90QiNcKQbWqDbslyrd56AErYav9GuUVrjri1XlZKQ
curry,137.132.213.204,44320,SHA256:bu90QiNcKQbWqDbslyrd56AErYav9GuUVrjri1XlZKQ
curry,137.132.213.204,44324,SHA256:bu90QiNcKQbWqDbslyrd56AErYav9GuUVrjri1XlZKQ
julius,137.132.213.204,44328,SHA256:bu90QiNcKQbWqDbslyrd56AErYav9GuUVrjri1XlZKQ
julius,137.132.213.204,44332,SHA256:bu90QiNcKQbWqDbslyrd56AErYav9GuUVrjri1XlZKQ
curry,137.132.213.204,44336,SHA256:bu90QiNcKQbWqDbslyrd56AErYav9GuUVrjri1XlZKQ
curry,137.132.213.204,44340,SHA256:bu90QiNcKQbWqDbslyrd56AErYav9GuUVrjri1XlZKQ
curry,137.132.213.204,44344,SHA256:bu90QiNcKQbWqDbslyrd56AErYav9GuUVrjri1XlZKQ
turing,137.132.213.204,44348,SHA256:bu90QiNcKQbWqDbslyrd56AErYav9GuUVrjri1XlZKQ
julius,137.132.213.204,44352,SHA256:bu90QiNcKQbWqDbslyrd56AErYav9GuUVrjri1XlZKQ
einstein,137.132.213.204,44356,SHA256:bu90QiNcKQbWqDbslyrd56AErYav9GuUVrjri1XlZKQ
turing,137.132.213.204,44360,SHA256:bu90QiNcKQbWqDbslyrd56AErYav9GuUVrjri1XlZKQ
newton,137.132.213.204,10827,SHA256:bu90QiNcKQbWqDbslyrd56AErYav9GuUVrjri1XlZKQ
newton,137.132.213.204,44368,SHA256:bu90QiNcKQbWqDbslyrd56AErYav9GuUVrjri1XlZKQ
turing,137.132.213.204,44372,SHA256:bu90QiNcKQbWqDbslyrd56AErYav9GuUVrjri1XlZKQ
curry,137.132.213.204,44376,SHA256:bu90QiNcKQbWqDbslyrd56AErYav9GuUVrjri1XlZKQ
curry,137.132.213.204,44380,SHA256:bu90QiNcKQbWqDbslyrd56AErYav9GuUVrjri1XlZKQ
hoare,137.132.213.204,44384,SHA256:bu90QiNcKQbWqDbslyrd56AErYav9GuUVrjri1XlZKQ
hoare,137.132.213.204,44388,SHA256:bu90QiNcKQbWqDbslyrd56AErYav9GuUVrjri1XlZKQ
hoare,137.132.213.204,44392,SHA256:bu90QiNcKQbWqDbslyrd56AErYav9GuUVrjri1XlZKQ
julius,137.132.213.204,44396,SHA256:bu90QiNcKQbWqDbslyrd56AErYav9GuUVrjri1XlZKQ
hoare,137.132.213.204,44400,SHA256:bu90QiNcKQbWqDbslyrd56AErYav9GuUVrjri1XlZKQ
turing,137.132.213.204,44404,SHA256:bu90QiNcKQbWqDbslyrd56AErYav9GuUVrjri1XlZKQ
curry,137.132.213.204,44408,SHA256:bu90QiNcKQbWqDbslyrd56AErYav9GuUVrjri1XlZKQ
julius,137.132.213.204,44412,SHA256:bu90QiNcKQbWqDbslyrd56AErYav9GuUVrjri1XlZKQ
julius,137.132.213.204,44416,SHA256:bu90QiNcKQbWqDbslyrd56AErYav9GuUVrjri1XlZKQ
turing,137.132.213.204,44420,SHA256:bu90QiNcKQbWqDbslyrd56AErYav9GuUVrjri1XlZKQ
curry,137.132.213.204,44424,SHA256:bu90QiNcKQbWqDbslyrd56AErYav9GuUVrjri1XlZKQ
turing,137.132.213.204,44428,SHA256:bu90QiNcKQbWqDbslyrd56AErYav9GuUVrjri1XlZKQ
einstein,137.132.213.204,44432,SHA256:bu90QiNcKQbWqDbslyrd56AErYav9GuUVrjri1XlZKQ
hoare,137.132.213.204,44436,SHA256:bu90QiNcKQbWqDbslyrd56AErYav9GuUVrjri1XlZKQ
turing,137.132.213.204,44440,SHA256:bu90QiNcKQbWqDbslyrd56AErYav9GuUVrjri1XlZKQ
einstein,137.132.213.204,44444,SHA256:bu90QiNcKQbWqDbslyrd56AErYav9GuUVrjri1XlZKQ
curry,137.132.213.204,44448,SHA256:bu90QiNcKQbWqDbslyrd56AErYav9GuUVrjri1XlZKQ
curry,137.132.213.204,44452,SHA256:bu90QiNcKQbWqDbslyrd56AErYav9GuUVrjri1XlZKQ
turing,137.132.213.204,44456,SHA256:bu90QiNcKQbWqDbslyrd56AErYav9GuUVrjri1XlZKQ
einstein,137.132.213.204,44460,SHA256:bu90QiNcKQbWqDbslyrd56AErYav9GuUVrjri1XlZKQ
einstein,137.132.213.204,44464,SHA256:bu90QiNcKQbWqDbslyrd56AErYav9GuUVrjri1XlZKQ
curry,137.132.213.204,44468,SHA256:bu90QiNcKQbWqDbslyrd56AErYav9GuUVrjri1XlZKQ
hoare,137.132.213.204,44472,SHA256:bu90QiNcKQbWqDbslyrd56AErYav9GuUVrjri1XlZKQ
newton,137.132.213.204,44480,SHA256:bu90QiNcKQbWqDbslyrd56AErYav9GuUVrjri1XlZKQ
curry,137.132.213.204,44484,SHA256:bu90QiNcKQbWqDbslyrd56AErYav9GuUVrjri1XlZKQ
hoare,137.132.213.204,44488,SHA256:bu90QiNcKQbWqDbslyrd56AErYav9GuUVrjri1XlZKQ
julius,137.132.213.204,44492,SHA256:bu90QiNcKQbWqDbslyrd56AErYav9GuUVrjri1XlZKQ
hoare,137.132.213.204,44496,SHA256:bu90QiNcKQbWqDbslyrd56AErYav9GuUVrjri1XlZKQ
curry,137.132.213.204,44500,SHA256:bu90QiNcKQbWqDbslyrd56AErYav9GuUVrjri1XlZKQ
einstein,137.132.213.204,44504,SHA256:bu90QiNcKQbWqDbslyrd56AErYav9GuUVrjri1XlZKQ
newton,137.132.213.204,44508,SHA256:bu90QiNcKQbWqDbslyrd56AErYav9GuUVrjri1XlZKQ
einstein,137.132.213.204,44512,SHA256:bu90QiNcKQbWqDbslyrd56AErYav9GuUVrjri1XlZKQ
turing,137.132.213.204,44516,SHA256:bu90QiNcKQbWqDbslyrd56AErYav9GuUVrjri1XlZKQ
curry,137.132.213.204,44520,SHA256:bu90QiNcKQbWqDbslyrd56AErYav9GuUVrjri1XlZKQ
hoare,137.132.213.204,44524,SHA256:bu90QiNcKQbWqDbslyrd56AErYav9GuUVrjri1XlZKQ
curry,137.132.213.204,44528,SHA256:bu90QiNcKQbWqDbslyrd56AErYav9GuUVrjri1XlZKQ
turing,137.132.213.204,44532,SHA256:bu90QiNcKQbWqDbslyrd56AErYav9GuUVrjri1XlZKQ
curry,137.132.213.204,44536,SHA256:bu90QiNcKQbWqDbslyrd56AErYav9GuUVrjri1XlZKQ
hoare,137.132.213.204,44540,SHA256:bu90QiNcKQbWqDbslyrd56AErYav9GuUVrjri1XlZKQ
einstein,137.132.213.204,44544,SHA256:bu90QiNcKQbWqDbslyrd56AErYav9GuUVrjri1XlZKQ
julius,137.132.213.204,44548,SHA256:bu90QiNcKQbWqDbslyrd56AErYav9GuUVrjri1XlZKQ
hoare,137.132.213.204,44552,SHA256:bu90QiNcKQbWqDbslyrd56AErYav9GuUVrjri1XlZKQ
julius,137.132.213.204,44556,SHA256:bu90QiNcKQbWqDbslyrd56AErYav9GuUVrjri1XlZKQ
hoare,137.132.213.204,44560,SHA256:bu90QiNcKQbWqDbslyrd56AErYav9GuUVrjri1XlZKQ
einstein,137.132.213.204,44564,SHA256:bu90QiNcKQbWqDbslyrd56AErYav9GuUVrjri1XlZKQ
hoare,137.132.213.204,44568,SHA256:bu90QiNcKQbWqDbslyrd56AErYav9GuUVrjri1XlZKQ
newton,137.132.213.204,44572,SHA256:bu90QiNcKQbWqDbslyrd56AErYav9GuUVrjri1XlZKQ
hoare,137.132.213.204,44576,SHA256:bu90QiNcKQbWqDbslyrd56AErYav9GuUVrjri1XlZKQ
turing,137.132.213.204,44580,SHA256:bu90QiNcKQbWqDbslyrd56AErYav9GuUVrjri1XlZKQ
curry,137.132.213.204,44584,SHA256:bu90QiNcKQbWqDbslyrd56AErYav9GuUVrjri1XlZKQ
hoare,137.132.213.204,44588,SHA256:bu90QiNcKQbWqDbslyrd56AErYav9GuUVrjri1XlZKQ
hoare,137.132.213.204,44592,SHA256:bu90QiNcKQbWqDbslyrd56AErYav9GuUVrjri1XlZKQ
julius,137.132.213.204,44596,SHA256:bu90QiNcKQbWqDbslyrd56AErYav9GuUVrjri1XlZKQ
curry,137.132.213.204,44600,SHA256:bu90QiNcKQbWqDbslyrd56AErYav9GuUVrjri1XlZKQ
julius,137.132.213.204,44604,SHA256:bu90QiNcKQbWqDbslyrd56AErYav9GuUVrjri1XlZKQ
julius,137.132.213.204,44608,SHA256:bu90QiNcKQbWqDbslyrd56AErYav9GuUVrjri1XlZKQ
julius,137.132.213.204,44612,SHA256:bu90QiNcKQbWqDbslyrd56AErYav9GuUVrjri1XlZKQ
curry,137.132.213.204,44616,SHA256:bu90QiNcKQbWqDbslyrd56AErYav9GuUVrjri1XlZKQ
curry,137.132.213.204,44620,SHA256:bu90QiNcKQbWqDbslyrd56AErYav9GuUVrjri1XlZKQ
turing,137.132.213.204,44624,SHA256:bu90QiNcKQbWqDbslyrd56AErYav9GuUVrjri1XlZKQ
einstein,137.132.213.204,44628,SHA256:bu90QiNcKQbWqDbslyrd56AErYav9GuUVrjri1XlZKQ
hoare,137.132.213.204,44632,SHA256:bu90QiNcKQbWqDbslyrd56AErYav9GuUVrjri1XlZKQ
einstein,137.132.213.204,44636,SHA256:bu90QiNcKQbWqDbslyrd56AErYav9GuUVrjri1XlZKQ
julius,137.132.213.204,44640,SHA256:bu90QiNcKQbWqDbslyrd56AErYav9GuUVrjri1XlZKQ
newton,137.132.213.204,44644,SHA256:bu90QiNcKQbWqDbslyrd56AErYav9GuUVrjri1XlZKQ
julius,137.132.213.204,44648,SHA256:bu90QiNcKQbWqDbslyrd56AErYav9GuUVrjri1XlZKQ
einstein,137.132.213.38,61970,SHA256:bu90QiNcKQbWqDbslyrd56AErYav9GuUVrjri1XlZKQ
newton,137.132.213.38,61971,SHA256:bu90QiNcKQbWqDbslyrd56AErYav9GuUVrjri1XlZKQ
einstein,137.132.213.204,44652,SHA256:bu90QiNcKQbWqDbslyrd56AErYav9GuUVrjri1XlZKQ
newton,137.132.213.38,61972,SHA256:bu90QiNcKQbWqDbslyrd56AErYav9GuUVrjri1XlZKQ
curry,137.132.213.204,44656,SHA256:bu90QiNcKQbWqDbslyrd56AErYav9GuUVrjri1XlZKQ
curry,137.132.213.204,44660,SHA256:bu90QiNcKQbWqDbslyrd56AErYav9GuUVrjri1XlZKQ
einstein,137.132.213.204,44664,SHA256:bu90QiNcKQbWqDbslyrd56AErYav9GuUVrjri1XlZKQ
turing,137.132.213.204,44668,SHA256:bu90QiNcKQbWqDbslyrd56AErYav9GuUVrjri1XlZKQ
newton,137.132.213.204,44672,SHA256:bu90QiNcKQbWqDbslyrd56AErYav9GuUVrjri1XlZKQ
turing,137.132.213.204,44680,SHA256:bu90QiNcKQbWqDbslyrd56AErYav9GuUVrjri1XlZKQ
curry,137.132.213.204,44684,SHA256:bu90QiNcKQbWqDbslyrd56AErYav9GuUVrjri1XlZKQ
newton,137.132.213.204,44688,SHA256:bu90QiNcKQbWqDbslyrd56AErYav9GuUVrjri1XlZKQ
einstein,137.132.213.204,44692,SHA256:bu90QiNcKQbWqDbslyrd56AErYav9GuUVrjri1XlZKQ
curry,137.132.213.204,44696,SHA256:bu90QiNcKQbWqDbslyrd56AErYav9GuUVrjri1XlZKQ
turing,137.132.213.204,44700,SHA256:bu90QiNcKQbWqDbslyrd56AErYav9GuUVrjri1XlZKQ
hoare,137.132.213.204,44704,SHA256:bu90QiNcKQbWqDbslyrd56AErYav9GuUVrjri1XlZKQ
julius,137.132.213.204,44708,SHA256:bu90QiNcKQbWqDbslyrd56AErYav9GuUVrjri1XlZKQ
turing,137.132.213.204,44712,SHA256:bu90QiNcKQbWqDbslyrd56AErYav9GuUVrjri1XlZKQ
hoare,137.132.213.204,44716,SHA256:bu90QiNcKQbWqDbslyrd56AErYav9GuUVrjri1XlZKQ
newton,137.132.213.204,44720,SHA256:bu90QiNcKQbWqDbslyrd56AErYav9GuUVrjri1XlZKQ
hoare,137.132.213.204,44724,SHA256:bu90QiNcKQbWqDbslyrd56AErYav9GuUVrjri1XlZKQ
hoare,137.132.213.204,44728,SHA256:bu90QiNcKQbWqDbslyrd56AErYav9GuUVrjri1XlZKQ
julius,137.132.213.204,44732,SHA256:bu90QiNcKQbWqDbslyrd56AErYav9GuUVrjri1XlZKQ
hoare,137.132.213.204,44736,SHA256:bu90QiNcKQbWqDbslyrd56AErYav9GuUVrjri1XlZKQ
turing,137.132.213.204,44740,SHA256:bu90QiNcKQbWqDbslyrd56AErYav9GuUVrjri1XlZKQ
curry,137.132.213.204,44744,SHA256:bu90QiNcKQbWqDbslyrd56AErYav9GuUVrjri1XlZKQ
einstein,137.132.213.204,44748,SHA256:bu90QiNcKQbWqDbslyrd56AErYav9GuUVrjri1XlZKQ
einstein,137.132.213.204,44752,SHA256:bu90QiNcKQbWqDbslyrd56AErYav9GuUVrjri1XlZKQ
einstein,137.132.213.204,44756,SHA256:bu90QiNcKQbWqDbslyrd56AErYav9GuUVrjri1XlZKQ
curry,137.132.213.204,44760,SHA256:bu90QiNcKQbWqDbslyrd56AErYav9GuUVrjri1XlZKQ
turing,137.132.213.204,44764,SHA256:bu90QiNcKQbWqDbslyrd56AErYav9GuUVrjri1XlZKQ
hoare,137.132.213.204,44768,SHA256:bu90QiNcKQbWqDbslyrd56AErYav9GuUVrjri1XlZKQ
curry,137.132.213.204,44772,SHA256:bu90QiNcKQbWqDbslyrd56AErYav9GuUVrjri1XlZKQ
newton,137.132.213.204,44776,SHA256:bu90QiNcKQbWqDbslyrd56AErYav9GuUVrjri1XlZKQ
curry,137.132.213.204,44780,SHA256:bu90QiNcKQbWqDbslyrd56AErYav9GuUVrjri1XlZKQ
turing,137.132.213.204,44784,SHA256:bu90QiNcKQbWqDbslyrd56AErYav9GuUVrjri1XlZKQ
curry,137.132.213.204,44788,SHA256:bu90QiNcKQbWqDbslyrd56AErYav9GuUVrjri1XlZKQ
newton,137.132.213.204,44792,SHA256:bu90QiNcKQbWqDbslyrd56AErYav9GuUVrjri1XlZKQ
einstein,137.132.213.204,44796,SHA256:bu90QiNcKQbWqDbslyrd56AErYav9GuUVrjri1XlZKQ
turing,137.132.213.204,44800,SHA256:bu90QiNcKQbWqDbslyrd56AErYav9GuUVrjri1XlZKQ
curry,137.132.213.204,44804,SHA256:bu90QiNcKQbWqDbslyrd56AErYav9GuUVrjri1XlZKQ
turing,137.132.213.204,44808,SHA256:bu90QiNcKQbWqDbslyrd56AErYav9GuUVrjri1XlZKQ
curry,137.132.213.204,44812,SHA256:bu90QiNcKQbWqDbslyrd56AErYav9GuUVrjri1XlZKQ
turing,137.132.213.204,44816,SHA256:bu90QiNcKQbWqDbslyrd56AErYav9GuUVrjri1XlZKQ
curry,137.132.213.204,44820,SHA256:bu90QiNcKQbWqDbslyrd56AErYav9GuUVrjri1XlZKQ
turing,137.132.213.204,44824,SHA256:bu90QiNcKQbWqDbslyrd56AErYav9GuUVrjri1XlZKQ
turing,137.132.213.204,44828,SHA256:bu90QiNcKQbWqDbslyrd56AErYav9GuUVrjri1XlZKQ
curry,137.132.213.204,44832,SHA256:bu90QiNcKQbWqDbslyrd56AErYav9GuUVrjri1XlZKQ
einstein,137.132.213.204,44836,SHA256:bu90QiNcKQbWqDbslyrd56AErYav9GuUVrjri1XlZKQ
julius,137.132.213.204,44840,SHA256:bu90QiNcKQbWqDbslyrd56AErYav9GuUVrjri1XlZKQ
einstein,137.132.213.204,44844,SHA256:bu90QiNcKQbWqDbslyrd56AErYav9GuUVrjri1XlZKQ
einstein,137.132.213.204,44848,SHA256:bu90QiNcKQbWqDbslyrd56AErYav9GuUVrjri1XlZKQ
curry,137.132.213.204,44852,SHA256:bu90QiNcKQbWqDbslyrd56AErYav9GuUVrjri1XlZKQ
newton,137.132.213.204,44856,SHA256:bu90QiNcKQbWqDbslyrd56AErYav9GuUVrjri1XlZKQ
turing,137.132.213.204,44860,SHA256:bu90QiNcKQbWqDbslyrd56AErYav9GuUVrjri1XlZKQ
hoare,137.132.213.204,44864,SHA256:bu90QiNcKQbWqDbslyrd56AErYav9GuUVrjri1XlZKQ
einstein,137.132.213.204,44868,SHA256:bu90QiNcKQbWqDbslyrd56AErYav9GuUVrjri1XlZKQ
einstein,137.132.213.204,44876,SHA256:bu90QiNcKQbWqDbslyrd56AErYav9GuUVrjri1XlZKQ
hoare,137.132.213.204,44880,SHA256:bu90QiNcKQbWqDbslyrd56AErYav9GuUVrjri1XlZKQ
einstein,137.132.213.204,44884,SHA256:bu90QiNcKQbWqDbslyrd56AErYav9GuUVrjri1XlZKQ
turing,137.132.213.204,44888,SHA256:bu90QiNcKQbWqDbslyrd56AErYav9GuUVrjri1XlZKQ
julius,137.132.213.204,44892,SHA256:bu90QiNcKQbWqDbslyrd56AErYav9GuUVrjri1XlZKQ
curry,137.132.213.204,44896,SHA256:bu90QiNcKQbWqDbslyrd56AErYav9GuUVrjri1XlZKQ
newton,137.132.213.204,44900,SHA256:bu90QiNcKQbWqDbslyrd56AErYav9GuUVrjri1XlZKQ
hoare,137.132.213.204,44904,SHA256:bu90QiNcKQbWqDbslyrd56AErYav9GuUVrjri1XlZKQ
turing,137.132.213.204,44908,SHA256:bu90QiNcKQbWqDbslyrd56AErYav9GuUVrjri1XlZKQ
turing,137.132.213.204,44912,SHA256:bu90QiNcKQbWqDbslyrd56AErYav9GuUVrjri1XlZKQ
turing,137.132.213.204,44916,SHA256:bu90QiNcKQbWqDbslyrd56AErYav9GuUVrjri1XlZKQ
turing,137.132.213.204,44920,SHA256:bu90QiNcKQbWqDbslyrd56AErYav9GuUVrjri1XlZKQ
hoare,137.132.213.204,44924,SHA256:bu90QiNcKQbWqDbslyrd56AErYav9GuUVrjri1XlZKQ
hoare,137.132.213.204,44928,SHA256:bu90QiNcKQbWqDbslyrd56AErYav9GuUVrjri1XlZKQ
curry,137.132.213.204,44932,SHA256:bu90QiNcKQbWqDbslyrd56AErYav9GuUVrjri1XlZKQ
newton,137.132.213.204,44936,SHA256:bu90QiNcKQbWqDbslyrd56AErYav9GuUVrjri1XlZKQ
newton,137.132.213.204,44940,SHA256:bu90QiNcKQbWqDbslyrd56AErYav9GuUVrjri1XlZKQ
turing,137.132.213.204,44944,SHA256:bu90QiNcKQbWqDbslyrd56AErYav9GuUVrjri1XlZKQ
curry,137.132.213.204,44948,SHA256:bu90QiNcKQbWqDbslyrd56AErYav9GuUVrjri1XlZKQ
turing,137.132.213.204,44952,SHA256:bu90QiNcKQbWqDbslyrd56AErYav9GuUVrjri1XlZKQ
hoare,137.132.213.204,44956,SHA256:bu90QiNcKQbWqDbslyrd56AErYav9GuUVrjri1XlZKQ
curry,137.132.213.204,44960,SHA256:bu90QiNcKQbWqDbslyrd56AErYav9GuUVrjri1XlZKQ
newton,137.132.213.204,44964,SHA256:bu90QiNcKQbWqDbslyrd56AErYav9GuUVrjri1XlZKQ
turing,137.132.213.204,44968,SHA256:bu90QiNcKQbWqDbslyrd56AErYav9GuUVrjri1XlZKQ
einstein,137.132.213.204,44972,SHA256:bu90QiNcKQbWqDbslyrd56AErYav9GuUVrjri1XlZKQ
turing,137.132.213.204,44976,SHA256:bu90QiNcKQbWqDbslyrd56AErYav9GuUVrjri1XlZKQ
curry,137.132.213.204,44980,SHA256:bu90QiNcKQbWqDbslyrd56AErYav9GuUVrjri1XlZKQ
turing,137.132.213.204,44984,SHA256:bu90QiNcKQbWqDbslyrd56AErYav9GuUVrjri1XlZKQ
curry,137.132.213.204,44988,SHA256:bu90QiNcKQbWqDbslyrd56AErYav9GuUVrjri1XlZKQ
curry,137.132.213.204,44992,SHA256:bu90QiNcKQbWqDbslyrd56AErYav9GuUVrjri1XlZKQ
hoare,137.132.213.204,44996,SHA256:bu90QiNcKQbWqDbslyrd56AErYav9GuUVrjri1XlZKQ
hoare,137.132.213.204,45000,SHA256:bu90QiNcKQbWqDbslyrd56AErYav9GuUVrjri1XlZKQ
einstein,137.132.213.204,45004,SHA256:bu90QiNcKQbWqDbslyrd56AErYav9GuUVrjri1XlZKQ
curry,137.132.213.204,45008,SHA256:bu90QiNcKQbWqDbslyrd56AErYav9GuUVrjri1XlZKQ
curry,137.132.213.204,45012,SHA256:bu90QiNcKQbWqDbslyrd56AErYav9GuUVrjri1XlZKQ
newton,137.132.213.204,45016,SHA256:bu90QiNcKQbWqDbslyrd56AErYav9GuUVrjri1XlZKQ
turing,137.132.213.204,45020,SHA256:bu90QiNcKQbWqDbslyrd56AErYav9GuUVrjri1XlZKQ
julius,137.132.213.204,45024,SHA256:bu90QiNcKQbWqDbslyrd56AErYav9GuUVrjri1XlZKQ
curry,137.132.213.204,45028,SHA256:bu90QiNcKQbWqDbslyrd56AErYav9GuUVrjri1XlZKQ
hoare,137.132.213.204,45032,SHA256:bu90QiNcKQbWqDbslyrd56AErYav9GuUVrjri1XlZKQ
newton,137.132.213.204,45036,SHA256:bu90QiNcKQbWqDbslyrd56AErYav9GuUVrjri1XlZKQ
julius,137.132.213.204,45040,SHA256:bu90QiNcKQbWqDbslyrd56AErYav9GuUVrjri1XlZKQ
newton,137.132.213.204,45044,SHA256:bu90QiNcKQbWqDbslyrd56AErYav9GuUVrjri1XlZKQ
turing,137.132.213.204,45048,SHA256:bu90QiNcKQbWqDbslyrd56AErYav9GuUVrjri1XlZKQ
einstein,137.132.213.204,45054,SHA256:bu90QiNcKQbWqDbslyrd56AErYav9GuUVrjri1XlZKQ
hoare,137.132.213.204,45064,SHA256:bu90QiNcKQbWqDbslyrd56AErYav9GuUVrjri1XlZKQ
curry,137.132.213.204,45068,SHA256:bu90QiNcKQbWqDbslyrd56AErYav9GuUVrjri1XlZKQ
curry,137.132.213.204,45072,SHA256:bu90QiNcKQbWqDbslyrd56AErYav9GuUVrjri1XlZKQ
newton,137.132.213.204,45076,SHA256:bu90QiNcKQbWqDbslyrd56AErYav9GuUVrjri1XlZKQ
curry,137.132.213.204,45084,SHA256:bu90QiNcKQbWqDbslyrd56AErYav9GuUVrjri1XlZKQ
newton,137.132.213.204,45088,SHA256:bu90QiNcKQbWqDbslyrd56AErYav9GuUVrjri1XlZKQ
einstein,137.132.213.204,45092,SHA256:bu90QiNcKQbWqDbslyrd56AErYav9GuUVrjri1XlZKQ
turing,137.132.213.204,45096,SHA256:bu90QiNcKQbWqDbslyrd56AErYav9GuUVrjri1XlZKQ
newton,137.132.213.204,45100,SHA256:bu90QiNcKQbWqDbslyrd56AErYav9GuUVrjri1XlZKQ
hoare,137.132.213.204,45104,SHA256:bu90QiNcKQbWqDbslyrd56AErYav9GuUVrjri1XlZKQ
newton,137.132.213.204,45108,SHA256:bu90QiNcKQbWqDbslyrd56AErYav9GuUVrjri1XlZKQ
julius,137.132.213.204,45112,SHA256:bu90QiNcKQbWqDbslyrd56AErYav9GuUVrjri1XlZKQ
turing,137.132.213.204,45116,SHA256:bu90QiNcKQbWqDbslyrd56AErYav9GuUVrjri1XlZKQ
curry,137.132.213.204,45120,SHA256:bu90QiNcKQbWqDbslyrd56AErYav9GuUVrjri1XlZKQ
newton,137.132.213.204,45124,SHA256:bu90QiNcKQbWqDbslyrd56AErYav9GuUVrjri1XlZKQ
einstein,137.132.213.204,45128,SHA256:bu90QiNcKQbWqDbslyrd56AErYav9GuUVrjri1XlZKQ
einstein,137.132.213.204,45132,SHA256:bu90QiNcKQbWqDbslyrd56AErYav9GuUVrjri1XlZKQ
newton,137.132.213.204,45136,SHA256:bu90QiNcKQbWqDbslyrd56AErYav9GuUVrjri1XlZKQ
julius,137.132.213.204,45140,SHA256:bu90QiNcKQbWqDbslyrd56AErYav9GuUVrjri1XlZKQ
hoare,137.132.213.204,45144,SHA256:bu90QiNcKQbWqDbslyrd56AErYav9GuUVrjri1XlZKQ
newton,137.132.213.204,45148,SHA256:bu90QiNcKQbWqDbslyrd56AErYav9GuUVrjri1XlZKQ
julius,137.132.213.204,45152,SHA256:bu90QiNcKQbWqDbslyrd56AErYav9GuUVrjri1XlZKQ
turing,137.132.213.204,45156,SHA256:bu90QiNcKQbWqDbslyrd56AErYav9GuUVrjri1XlZKQ
hoare,137.132.213.204,45160,SHA256:bu90QiNcKQbWqDbslyrd56AErYav9GuUVrjri1XlZKQ
hoare,137.132.213.204,45164,SHA256:bu90QiNcKQbWqDbslyrd56AErYav9GuUVrjri1XlZKQ
einstein,137.132.213.204,45168,SHA256:bu90QiNcKQbWqDbslyrd56AErYav9GuUVrjri1XlZKQ
turing,137.132.213.204,45172,SHA256:bu90QiNcKQbWqDbslyrd56AErYav9GuUVrjri1XlZKQ
hoare,137.132.213.204,45176,SHA256:bu90QiNcKQbWqDbslyrd56AErYav9GuUVrjri1XlZKQ
turing,137.132.213.204,45180,SHA256:bu90QiNcKQbWqDbslyrd56AErYav9GuUVrjri1XlZKQ
einstein,137.132.213.204,45184,SHA256:bu90QiNcKQbWqDbslyrd56AErYav9GuUVrjri1XlZKQ
turing,137.132.213.204,45188,SHA256:bu90QiNcKQbWqDbslyrd56AErYav9GuUVrjri1XlZKQ
curry,137.132.213.204,45192,SHA256:bu90QiNcKQbWqDbslyrd56AErYav9GuUVrjri1XlZKQ
turing,137.132.213.204,45196,SHA256:bu90QiNcKQbWqDbslyrd56AErYav9GuUVrjri1XlZKQ
turing,137.132.213.204,45200,SHA256:bu90QiNcKQbWqDbslyrd56AErYav9GuUVrjri1XlZKQ
curry,137.132.213.204,45204,SHA256:bu90QiNcKQbWqDbslyrd56AErYav9GuUVrjri1XlZKQ
einstein,137.132.213.204,45208,SHA256:bu90QiNcKQbWqDbslyrd56AErYav9GuUVrjri1XlZKQ
hoare,137.132.213.204,45212,SHA256:bu90QiNcKQbWqDbslyrd56AErYav9GuUVrjri1XlZKQ
hoare,137.132.213.204,45216,SHA256:bu90QiNcKQbWqDbslyrd56AErYav9GuUVrjri1XlZKQ
newton,137.132.213.204,45220,SHA256:bu90QiNcKQbWqDbslyrd56AErYav9GuUVrjri1XlZKQ
curry,137.132.213.204,45224,SHA256:bu90QiNcKQbWqDbslyrd56AErYav9GuUVrjri1XlZKQ
julius,137.132.213.204,45228,SHA256:bu90QiNcKQbWqDbslyrd56AErYav9GuUVrjri1XlZKQ
einstein,137.132.213.204,45232,SHA256:bu90QiNcKQbWqDbslyrd56AErYav9GuUVrjri1XlZKQ
curry,137.132.213.204,45236,SHA256:bu90QiNcKQbWqDbslyrd56AErYav9GuUVrjri1XlZKQ
hoare,137.132.213.204,45244,SHA256:bu90QiNcKQbWqDbslyrd56AErYav9GuUVrjri1XlZKQ
julius,137.132.213.204,45248,SHA256:bu90QiNcKQbWqDbslyrd56AErYav9GuUVrjri1XlZKQ
curry,137.132.213.204,45252,SHA256:bu90QiNcKQbWqDbslyrd56AErYav9GuUVrjri1XlZKQ
julius,137.132.213.204,45256,SHA256:bu90QiNcKQbWqDbslyrd56AErYav9GuUVrjri1XlZKQ
einstein,137.132.213.204,45260,SHA256:bu90QiNcKQbWqDbslyrd56AErYav9GuUVrjri1XlZKQ
julius,137.132.213.204,45264,SHA256:bu90QiNcKQbWqDbslyrd56AErYav9GuUVrjri1XlZKQ
curry,137.132.213.204,45268,SHA256:bu90QiNcKQbWqDbslyrd56AErYav9GuUVrjri1XlZKQ
julius,137.132.213.204,45272,SHA256:bu90QiNcKQbWqDbslyrd56AErYav9GuUVrjri1XlZKQ
einstein,137.132.213.204,45276,SHA256:bu90QiNcKQbWqDbslyrd56AErYav9GuUVrjri1XlZKQ
turing,137.132.213.204,45284,SHA256:bu90QiNcKQbWqDbslyrd56AErYav9GuUVrjri1XlZKQ
julius,137.132.213.204,45288,SHA256:bu90QiNcKQbWqDbslyrd56AErYav9GuUVrjri1XlZKQ
curry,137.132.213.204,45292,SHA256:bu90QiNcKQbWqDbslyrd56AErYav9GuUVrjri1XlZKQ
newton,137.132.213.204,45296,SHA256:bu90QiNcKQbWqDbslyrd56AErYav9GuUVrjri1XlZKQ
einstein,137.132.213.204,45300,SHA256:bu90QiNcKQbWqDbslyrd56AErYav9GuUVrjri1XlZKQ
curry,137.132.213.204,45304,SHA256:bu90QiNcKQbWqDbslyrd56AErYav9GuUVrjri1XlZKQ
curry,137.132.213.204,45308,SHA256:bu90QiNcKQbWqDbslyrd56AErYav9GuUVrjri1XlZKQ
curry,137.132.213.38,62281,SHA256:bu90QiNcKQbWqDbslyrd56AErYav9GuUVrjri1XlZKQ
julius,137.132.213.204,45312,SHA256:bu90QiNcKQbWqDbslyrd56AErYav9GuUVrjri1XlZKQ
hoare,137.132.213.204,45316,SHA256:bu90QiNcKQbWqDbslyrd56AErYav9GuUVrjri1XlZKQ
newton,137.132.213.204,45320,SHA256:bu90QiNcKQbWqDbslyrd56AErYav9GuUVrjri1XlZKQ
curry,137.132.213.204,45324,SHA256:bu90QiNcKQbWqDbslyrd56AErYav9GuUVrjri1XlZKQ
julius,137.132.213.204,45328,SHA256:bu90QiNcKQbWqDbslyrd56AErYav9GuUVrjri1XlZKQ
curry,137.132.213.204,45332,SHA256:bu90QiNcKQbWqDbslyrd56AErYav9GuUVrjri1XlZKQ
curry,137.132.213.204,45336,SHA256:bu90QiNcKQbWqDbslyrd56AErYav9GuUVrjri1XlZKQ
curry,137.132.213.204,45340,SHA256:bu90QiNcKQbWqDbslyrd56AErYav9GuUVrjri1XlZKQ
julius,137.132.213.204,45344,SHA256:bu90QiNcKQbWqDbslyrd56AErYav9GuUVrjri1XlZKQ
einstein,137.132.213.204,45348,SHA256:bu90QiNcKQbWqDbslyrd56AErYav9GuUVrjri1XlZKQ
hoare,137.132.213.204,45352,SHA256:bu90QiNcKQbWqDbslyrd56AErYav9GuUVrjri1XlZKQ
newton,137.132.213.204,45356,SHA256:bu90QiNcKQbWqDbslyrd56AErYav9GuUVrjri1XlZKQ
hoare,137.132.213.204,45360,SHA256:bu90QiNcKQbWqDbslyrd56AErYav9GuUVrjri1XlZKQ
julius,137.132.213.204,45364,SHA256:bu90QiNcKQbWqDbslyrd56AErYav9GuUVrjri1XlZKQ
hoare,137.132.213.204,45368,SHA256:bu90QiNcKQbWqDbslyrd56AErYav9GuUVrjri1XlZKQ
hoare,137.132.213.204,45372,SHA256:bu90QiNcKQbWqDbslyrd56AErYav9GuUVrjri1XlZKQ
newton,137.132.213.204,45376,SHA256:bu90QiNcKQbWqDbslyrd56AErYav9GuUVrjri1XlZKQ
hoare,137.132.213.204,45380,SHA256:bu90QiNcKQbWqDbslyrd56AErYav9GuUVrjri1XlZKQ
einstein,137.132.213.204,45384,SHA256:bu90QiNcKQbWqDbslyrd56AErYav9GuUVrjri1XlZKQ
curry,137.132.213.204,45388,SHA256:bu90QiNcKQbWqDbslyrd56AErYav9GuUVrjri1XlZKQ
turing,137.132.213.204,45392,SHA256:bu90QiNcKQbWqDbslyrd56AErYav9GuUVrjri1XlZKQ
julius,137.132.213.204,45396,SHA256:bu90QiNcKQbWqDbslyrd56AErYav9GuUVrjri1XlZKQ
einstein,137.132.213.204,45400,SHA256:bu90QiNcKQbWqDbslyrd56AErYav9GuUVrjri1XlZKQ
curry,137.132.213.204,45404,SHA256:bu90QiNcKQbWqDbslyrd56AErYav9GuUVrjri1XlZKQ
hoare,137.132.213.204,45408,SHA256:bu90QiNcKQbWqDbslyrd56AErYav9GuUVrjri1XlZKQ
hoare,137.132.213.204,45412,SHA256:bu90QiNcKQbWqDbslyrd56AErYav9GuUVrjri1XlZKQ
julius,137.132.213.204,45416,SHA256:bu90QiNcKQbWqDbslyrd56AErYav9GuUVrjri1XlZKQ
hoare,137.132.213.204,45420,SHA256:bu90QiNcKQbWqDbslyrd56AErYav9GuUVrjri1XlZKQ
julius,137.132.213.204,45424,SHA256:bu90QiNcKQbWqDbslyrd56AErYav9GuUVrjri1XlZKQ
hoare,137.132.213.204,45428,SHA256:bu90QiNcKQbWqDbslyrd56AErYav9GuUVrjri1XlZKQ
julius,137.132.213.204,45432,SHA256:bu90QiNcKQbWqDbslyrd56AErYav9GuUVrjri1XlZKQ
curry,137.132.213.204,45436,SHA256:bu90QiNcKQbWqDbslyrd56AErYav9GuUVrjri1XlZKQ
julius,137.132.213.204,45440,SHA256:bu90QiNcKQbWqDbslyrd56AErYav9GuUVrjri1XlZKQ
hoare,137.132.213.204,45444,SHA256:bu90QiNcKQbWqDbslyrd56AErYav9GuUVrjri1XlZKQ
einstein,137.132.213.204,45448,SHA256:bu90QiNcKQbWqDbslyrd56AErYav9GuUVrjri1XlZKQ
einstein,137.132.213.204,45452,SHA256:bu90QiNcKQbWqDbslyrd56AErYav9GuUVrjri1XlZKQ
newton,137.132.213.204,45456,SHA256:bu90QiNcKQbWqDbslyrd56AErYav9GuUVrjri1XlZKQ
hoare,137.132.213.204,45460,SHA256:bu90QiNcKQbWqDbslyrd56AErYav9GuUVrjri1XlZKQ
hoare,137.132.213.38,62364,SHA256:bu90QiNcKQbWqDbslyrd56AErYav9GuUVrjri1XlZKQ
hoare,137.132.213.204,45464,SHA256:bu90QiNcKQbWqDbslyrd56AErYav9GuUVrjri1XlZKQ
newton,137.132.213.204,45468,SHA256:bu90QiNcKQbWqDbslyrd56AErYav9GuUVrjri1XlZKQ
curry,137.132.213.38,62365,SHA256:bu90QiNcKQbWqDbslyrd56AErYav9GuUVrjri1XlZKQ
turing,137.132.213.204,45472,SHA256:bu90QiNcKQbWqDbslyrd56AErYav9GuUVrjri1XlZKQ
hoare,137.132.213.204,45476,SHA256:bu90QiNcKQbWqDbslyrd56AErYav9GuUVrjri1XlZKQ
julius,137.132.213.38,62367,SHA256:bu90QiNcKQbWqDbslyrd56AErYav9GuUVrjri1XlZKQ
